,symbol,company,sector,industry,city,state
0,MMM,3M Company,Industrials,Industrial Conglomerates,St. Paul, Minnesota
1,ABT,Abbott Laboratories,Health Care,Health Care Equipment,North Chicago, Illinois
2,ABBV,AbbVie Inc.,Health Care,Pharmaceuticals,North Chicago, Illinois
3,ABMD,ABIOMED Inc,Health Care,Health Care Equipment,Danvers, Massachusetts
4,ACN,Accenture plc,Information Technology,IT Consulting & Other Services,Dublin, Ireland
5,ATVI,Activision Blizzard,Communication Services,Interactive Home Entertainment,Santa Monica, California
6,ADBE,Adobe Systems Inc,Information Technology,Application Software,San Jose, California
7,AMD,Advanced Micro Devices Inc,Information Technology,Semiconductors,Sunnyvale, California
8,AAP,Advance Auto Parts,Consumer Discretionary,Automotive Retail,Roanoke, Virginia
9,AES,AES Corp,Utilities,Independent Power Producers & Energy Traders,Arlington, Virginia
10,AMG,Affiliated Managers Group Inc,Financials,Asset Management & Custody Banks,Beverly, Massachusetts
11,AFL,AFLAC Inc,Financials,Life & Health Insurance,Columbus, Georgia
12,A,Agilent Technologies Inc,Health Care,Health Care Equipment,Santa Clara, California
13,APD,Air Products & Chemicals Inc,Materials,Industrial Gases,Allentown, Pennsylvania
14,AKAM,Akamai Technologies Inc,Information Technology,Internet Services & Infrastructure,Cambridge, Massachusetts
15,ALK,Alaska Air Group Inc,Industrials,Airlines,Seattle, Washington
16,ALB,Albemarle Corp,Materials,Specialty Chemicals,Baton Rouge, Louisiana
17,ARE,Alexandria Real Estate Equities Inc,Real Estate,Office REITs,Pasadena, California
18,ALXN,Alexion Pharmaceuticals,Health Care,Biotechnology,Cheshire, Connecticut
19,ALGN,Align Technology,Health Care,Health Care Supplies,San Jose, California
20,ALLE,Allegion,Industrials,Building Products,Dublin, Ireland
21,AGN,"Allergan, Plc",Health Care,Pharmaceuticals,Dublin, Ireland
22,ADS,Alliance Data Systems,Information Technology,Data Processing & Outsourced Services,Plano, Texas
23,LNT,Alliant Energy Corp,Utilities,Electric Utilities,Madison, Wisconsin
24,ALL,Allstate Corp,Financials,Property & Casualty Insurance,Northfield Township, Illinois
25,GOOGL,Alphabet Inc Class A,Communication Services,Interactive Media & Services,Mountain View, California
26,GOOG,Alphabet Inc Class C,Communication Services,Interactive Media & Services,Mountain View, California
27,MO,Altria Group Inc,Consumer Staples,Tobacco,Richmond, Virginia
28,AMZN,Amazon.com Inc.,Consumer Discretionary,Internet & Direct Marketing Retail,Seattle, Washington
29,AEE,Ameren Corp,Utilities,Multi-Utilities,St. Louis, Missouri
30,AAL,American Airlines Group,Industrials,Airlines,Fort Worth, Texas
31,AEP,American Electric Power,Utilities,Electric Utilities,Columbus, Ohio
32,AXP,American Express Co,Financials,Consumer Finance,New York, New York
33,AIG,"American International Group, Inc.",Financials,Property & Casualty Insurance,New York, New York
34,AMT,American Tower Corp.,Real Estate,Specialized REITs,Boston, Massachusetts
35,AWK,American Water Works Company Inc,Utilities,Water Utilities,Voorhees, New Jersey
36,AMP,Ameriprise Financial,Financials,Asset Management & Custody Banks,Minneapolis, Minnesota
37,ABC,AmerisourceBergen Corp,Health Care,Health Care Distributors,Chesterbrook, Pennsylvania
38,AME,AMETEK Inc.,Industrials,Electrical Components & Equipment,Berwyn, Pennsylvania
39,AMGN,Amgen Inc.,Health Care,Biotechnology,Thousand Oaks, California
40,APH,Amphenol Corp,Information Technology,Electronic Components,Wallingford, Connecticut
41,APC,Anadarko Petroleum Corp,Energy,Oil & Gas Exploration & Production,The Woodlands, Texas
42,ADI,"Analog Devices, Inc.",Information Technology,Semiconductors,Norwood, Massachusetts
43,ANSS,ANSYS,Information Technology,Application Software,Canonsburg, Pennsylvania
44,ANTM,Anthem Inc.,Health Care,Managed Health Care,Indianapolis, Indiana
45,AON,Aon plc,Financials,Insurance Brokers,London, United Kingdom
46,AOS,A.O. Smith Corp,Industrials,Building Products,Milwaukee, Wisconsin
47,APA,Apache Corporation,Energy,Oil & Gas Exploration & Production,Houston, Texas
48,AIV,Apartment Investment & Management (Aimco),Real Estate,Residential REITs,Denver, Colorado
49,AAPL,Apple Inc.,Information Technology,"Technology Hardware, Storage & Peripherals",Cupertino, California
50,AMAT,Applied Materials Inc.,Information Technology,Semiconductor Equipment,Santa Clara, California
51,APTV,Aptiv Plc,Consumer Discretionary,Auto Parts & Equipment,Gillingham," Kent, United Kingdom"
52,ADM,Archer-Daniels-Midland Co,Consumer Staples,Agricultural Products,Decatur, Illinois
53,ARNC,Arconic Inc.,Industrials,Aerospace & Defense,New York, New York
54,ANET,Arista Networks,Information Technology,Communications Equipment,Santa Clara, California
55,AJG,Arthur J. Gallagher & Co.,Financials,Insurance Brokers,Itasca, Illinois
56,AIZ,Assurant Inc.,Financials,Multi-line Insurance,New York, New York
57,T,AT&T Inc.,Communication Services,Integrated Telecommunication Services,Dallas, Texas
58,ADSK,Autodesk Inc.,Information Technology,Application Software,San Rafael, California
59,ADP,Automatic Data Processing,Information Technology,Internet Software & Services,Roseland, New Jersey
60,AZO,AutoZone Inc,Consumer Discretionary,Specialty Stores,Memphis, Tennessee
61,AVB,"AvalonBay Communities, Inc.",Real Estate,Residential REITs,Arlington, Virginia[5]
62,AVY,Avery Dennison Corp,Materials,Paper Packaging,Glendale, California
63,BHGE,"Baker Hughes, a GE Company",Energy,Oil & Gas Equipment & Services,Houston, Texas
64,BLL,Ball Corp,Materials,Metal & Glass Containers,Broomfield, Colorado
65,BAC,Bank of America Corp,Financials,Diversified Banks,Charlotte, North Carolina
66,BK,The Bank of New York Mellon Corp.,Financials,Asset Management & Custody Banks,New York, New York
67,BAX,Baxter International Inc.,Health Care,Health Care Equipment,Deerfield, Illinois
68,BBT,BB&T Corporation,Financials,Regional Banks,Winston-Salem, North Carolina
69,BDX,Becton Dickinson,Health Care,Health Care Equipment,Franklin Lakes, New Jersey
70,BRK.B,Berkshire Hathaway,Financials,Multi-Sector Holdings,Omaha, Nebraska
71,BBY,Best Buy Co. Inc.,Consumer Discretionary,Computer & Electronics Retail,Richfield, Minnesota
72,BIIB,Biogen Inc.,Health Care,Biotechnology,Weston, Massachusetts
73,BLK,BlackRock,Financials,Asset Management & Custody Banks,New York, New York
74,HRB,Block H&R,Consumer Discretionary,Specialized Consumer Services,Kansas City, Missouri
75,BA,Boeing Company,Industrials,Aerospace & Defense,Chicago, Illinois
76,BKNG,Booking Holdings Inc,Consumer Discretionary,Internet & Direct Marketing Retail,Norwalk, Connecticut
77,BWA,BorgWarner,Consumer Discretionary,Auto Parts & Equipment,Auburn Hills, Michigan
78,BXP,Boston Properties,Real Estate,Office REITs,Boston, Massachusetts
79,BSX,Boston Scientific,Health Care,Health Care Equipment,Marlborough, Massachusetts[6]
80,BHF,Brighthouse Financial Inc,Financials,Life & Health Insurance,Charlotte, North Carolina
81,BMY,Bristol-Myers Squibb,Health Care,Health Care Distributors,New York, New York
82,AVGO,Broadcom,Information Technology,Semiconductors,San Jose, California
83,BR,Broadridge Financial Solutions,Information Technology,Data Processing & Outsourced Services,Lake Success, New York
84,BF.B,Brown-Forman Corp.,Consumer Staples,Distillers & Vintners,Louisville, Kentucky
85,CHRW,C. H. Robinson Worldwide,Industrials,Air Freight & Logistics,Eden Prairie, Minnesota
86,COG,Cabot Oil & Gas,Energy,Oil & Gas Exploration & Production,Houston, Texas
87,CDNS,Cadence Design Systems,Information Technology,Application Software,San Jose, California
88,CPB,Campbell Soup,Consumer Staples,Packaged Foods & Meats,Camden, New Jersey
89,COF,Capital One Financial,Financials,Consumer Finance,Tysons Corner, Virginia
90,CAH,Cardinal Health Inc.,Health Care,Health Care Distributors,Dublin, Ohio
91,KMX,Carmax Inc,Consumer Discretionary,Specialty Stores,Richmond, Virginia
92,CCL,Carnival Corp.,Consumer Discretionary,"Hotels, Resorts & Cruise Lines",Miami, Florida
93,CAT,Caterpillar Inc.,Industrials,Construction Machinery & Heavy Trucks,Peoria, Illinois
94,CBOE,Cboe Global Markets,Financials,Financial Exchanges & Data,Chicago, Illinois
95,CBRE,CBRE Group,Real Estate,Real Estate Services,Los Angeles, California
96,CBS,CBS Corp.,Communication Services,Broadcasting,New York, New York
97,CELG,Celgene Corp.,Health Care,Biotechnology,Summit, New Jersey
98,CNC,Centene Corporation,Health Care,Managed Health Care,St Louis, Missouri
99,CNP,CenterPoint Energy,Utilities,Multi-Utilities,Houston, Texas
100,CTL,CenturyLink Inc,Communication Services,Integrated Telecommunication Services,Monroe, Louisiana
101,CERN,Cerner,Health Care,Health Care Technology,North Kansas City, Missouri
102,CF,CF Industries Holdings Inc,Materials,Fertilizers & Agricultural Chemicals,Deerfield, Illinois
103,SCHW,Charles Schwab Corporation,Financials,Investment Banking & Brokerage,San Francisco, California
104,CHTR,Charter Communications,Communication Services,Cable & Satellite,Stamford, Connecticut
105,CVX,Chevron Corp.,Energy,Integrated Oil & Gas,San Ramon, California
106,CMG,Chipotle Mexican Grill,Consumer Discretionary,Restaurants,Denver, Colorado
107,CB,Chubb Limited,Financials,Property & Casualty Insurance,Zurich, Switzerland
108,CHD,Church & Dwight,Consumer Staples,Household Products,Ewing, New Jersey
109,CI,CIGNA Corp.,Health Care,Managed Health Care,Bloomfield, Connecticut
110,XEC,Cimarex Energy,Energy,Oil & Gas Exploration & Production,Denver, Colorado
111,CINF,Cincinnati Financial,Financials,Property & Casualty Insurance,Fairfield, Ohio
112,CTAS,Cintas Corporation,Industrials,Diversified Support Services,Mason, Ohio
113,CSCO,Cisco Systems,Information Technology,Communications Equipment,San Jose, California
114,C,Citigroup Inc.,Financials,Diversified Banks,New York, New York
115,CFG,Citizens Financial Group,Financials,Regional Banks,Providence, Rhode Island
116,CTXS,Citrix Systems,Information Technology,Internet Software & Services,Fort Lauderdale, Florida
117,CLX,The Clorox Company,Consumer Staples,Household Products,Oakland, California
118,CME,CME Group Inc.,Financials,Financial Exchanges & Data,Chicago, Illinois
119,CMS,CMS Energy,Utilities,Multi-Utilities,Jackson, Michigan
120,KO,Coca-Cola Company (The),Consumer Staples,Soft Drinks,Atlanta, Georgia
121,CTSH,Cognizant Technology Solutions,Information Technology,IT Consulting & Other Services,Teaneck, New Jersey
122,CL,Colgate-Palmolive,Consumer Staples,Household Products,New York, New York
123,CMCSA,Comcast Corp.,Communication Services,Cable & Satellite,Philadelphia, Pennsylvania
124,CMA,Comerica Inc.,Financials,Diversified Banks,Dallas, Texas
125,CAG,Conagra Brands,Consumer Staples,Packaged Foods & Meats,Chicago, Illinois
126,CXO,Concho Resources,Energy,Oil & Gas Exploration & Production,Midland, Texas
127,COP,ConocoPhillips,Energy,Oil & Gas Exploration & Production,Houston, Texas
128,ED,Consolidated Edison,Utilities,Electric Utilities,New York, New York
129,STZ,Constellation Brands,Consumer Staples,Distillers & Vintners,Victor, New York
130,COO,The Cooper Companies,Health Care,Health Care Supplies,Pleasanton, California
131,CPRT,Copart Inc,Industrials,Diversified Support Services,Dallas, Texas
132,GLW,Corning Inc.,Information Technology,Electronic Components,Corning, New York
133,COST,Costco Wholesale Corp.,Consumer Staples,Hypermarkets & Super Centers,Issaquah, Washington
134,COTY,"Coty, Inc",Consumer Staples,Personal Products,New York, New York
135,CCI,Crown Castle International Corp.,Real Estate,Specialized REITs,Houston, Texas
136,CSX,CSX Corp.,Industrials,Railroads,Jacksonville, Florida
137,CMI,Cummins Inc.,Industrials,Industrial Machinery,Columbus, Indiana
138,CVS,CVS Health,Health Care,Health Care Services,Woonsocket, Rhode Island
139,DHI,D. R. Horton,Consumer Discretionary,Homebuilding,Fort Worth, Texas
140,DHR,Danaher Corp.,Health Care,Health Care Equipment,Washington, D.C.
141,DRI,Darden Restaurants,Consumer Discretionary,Restaurants,Orlando, Florida
142,DVA,DaVita Inc.,Health Care,Health Care Facilities,Denver, Colorado
143,DE,Deere & Co.,Industrials,Agricultural & Farm Machinery,Moline, Illinois
144,DAL,Delta Air Lines Inc.,Industrials,Airlines,Atlanta, Georgia
145,XRAY,Dentsply Sirona,Health Care,Health Care Supplies,York, Pennsylvania
146,DVN,Devon Energy Corp.,Energy,Oil & Gas Exploration & Production,Oklahoma City, Oklahoma
147,FANG,Diamondback Energy Inc,Energy,Oil & Gas Exploration & Production,Midland, Texas
148,DLR,Digital Realty Trust Inc,Real Estate,Specialized REITs,San Francisco, California
149,DFS,Discover Financial Services,Financials,Consumer Finance,Riverwoods, Illinois
150,DISCA,Discovery Inc. Class A,Communication Services,Broadcasting,Silver Spring, Maryland
151,DISCK,Discovery Inc. Class C,Communication Services,Broadcasting,Silver Spring, Maryland
152,DISH,Dish Network,Communication Services,Cable & Satellite,Meridian, Colorado
153,DG,Dollar General,Consumer Discretionary,General Merchandise Stores,Goodlettsville, Tennessee
154,DLTR,Dollar Tree,Consumer Discretionary,General Merchandise Stores,Chesapeake, Virginia
155,D,Dominion Energy,Utilities,Electric Utilities,Richmond, Virginia
156,DOV,Dover Corp.,Industrials,Industrial Machinery,Downers Grove, Illinois
157,DWDP,DowDuPont,Materials,Diversified Chemicals,Midland, Michigan
158,DTE,DTE Energy Co.,Utilities,Multi-Utilities,Detroit, Michigan
159,DRE,Duke Realty Corp,Real Estate,Industrial REITs,Indianapolis, Indiana
160,DUK,Duke Energy,Utilities,Electric Utilities,Charlotte, North Carolina
161,DXC,DXC Technology,Information Technology,IT Consulting & Other Services,Tysons Corner, Virginia
162,ETFC,E*Trade,Financials,Investment Banking & Brokerage,New York, New York
163,EMN,Eastman Chemical,Materials,Diversified Chemicals,Kingsport, Tennessee
164,ETN,Eaton Corporation,Industrials,Electrical Components & Equipment,Dublin, Ireland
165,EBAY,eBay Inc.,Consumer Discretionary,Internet & Direct Marketing Retail,San Jose, California
166,ECL,Ecolab Inc.,Materials,Specialty Chemicals,St. Paul, Minnesota
167,EIX,Edison Int'l,Utilities,Electric Utilities,Rosemead, California
168,EW,Edwards Lifesciences,Health Care,Health Care Equipment,Irvine, California
169,EA,Electronic Arts,Communication Services,Interactive Home Entertainment,Redwood City, California
170,EMR,Emerson Electric Company,Industrials,Electrical Components & Equipment,Ferguson, Missouri
171,ETR,Entergy Corp.,Utilities,Electric Utilities,New Orleans, Louisiana
172,EOG,EOG Resources,Energy,Oil & Gas Exploration & Production,Houston, Texas
173,EFX,Equifax Inc.,Industrials,Research & Consulting Services,Atlanta, Georgia
174,EQIX,Equinix,Real Estate,Specialized REITs,Redwood City, California
175,EQR,Equity Residential,Real Estate,Residential REITs,Chicago, Illinois
176,ESS,"Essex Property Trust, Inc.",Real Estate,Residential REITs,Palo Alto, California
177,EL,Estee Lauder Cos.,Consumer Staples,Personal Products,New York, New York
178,EVRG,Evergy,Utilities,Electric Utilities,Kansas City, Missouri
179,ES,Eversource Energy,Utilities,Multi-Utilities,Springfield, Massachusetts
180,RE,Everest Re Group Ltd.,Financials,Reinsurance,Hamilton, Bermuda
181,EXC,Exelon Corp.,Utilities,Multi-Utilities,Chicago, Illinois
182,EXPE,Expedia Group,Consumer Discretionary,Internet & Direct Marketing Retail,Bellevue, Washington
183,EXPD,Expeditors,Industrials,Air Freight & Logistics,Seattle, Washington
184,ESRX,Express Scripts,Health Care,Health Care Distributors,Cool Valley, Missouri
185,EXR,Extra Space Storage,Real Estate,Specialized REITs,Salt Lake City, Utah
186,XOM,Exxon Mobil Corp.,Energy,Integrated Oil & Gas,Irving, Texas
187,FFIV,F5 Networks,Information Technology,Communications Equipment,Seattle, Washington
188,FB,"Facebook, Inc.",Communication Services,Interactive Media & Services,Menlo Park, California
189,FAST,Fastenal Co,Industrials,Building Products,Winona, Minnesota
190,FRT,Federal Realty Investment Trust,Real Estate,Retail REITs,Rockville, Maryland
191,FDX,FedEx Corporation,Industrials,Air Freight & Logistics,Memphis, Tennessee
192,FIS,Fidelity National Information Services,Information Technology,Internet Software & Services,Jacksonville, Florida
193,FITB,Fifth Third Bancorp,Financials,Regional Banks,Cincinnati, Ohio
194,FE,FirstEnergy Corp,Utilities,Electric Utilities,Akron, Ohio
195,FISV,Fiserv Inc,Information Technology,Internet Software & Services,Brookfield, Wisconsin
196,FLT,FleetCor Technologies Inc,Information Technology,Data Processing & Outsources Services,Norcross, Georgia
197,FLIR,FLIR Systems,Information Technology,Electronic Equipment & Instruments,Wilsonville, Oregon
198,FLS,Flowserve Corporation,Industrials,Industrial Machinery,Irving, Texas
199,FLR,Fluor Corp.,Industrials,Construction & Engineering,Irving, Texas
200,FMC,FMC Corporation,Materials,Fertilizers & Agricultural Chemicals,Philadelphia, Pennsylvania
201,FL,Foot Locker Inc,Consumer Discretionary,Apparel Retail,New York, New York
202,F,Ford Motor,Consumer Discretionary,Automobile Manufacturers,Dearborn, Michigan
203,FTNT,Fortinet,Information Technology,Systems Software,Sunnyvale, California
204,FTV,Fortive Corp,Industrials,Industrial Machinery,Everett, Washington
205,FBHS,Fortune Brands Home & Security,Industrials,Building Products,Deerfield, Illinois
206,BEN,Franklin Resources,Financials,Asset Management & Custody Banks,San Mateo, California
207,FCX,Freeport-McMoRan Inc.,Materials,Copper,Phoenix, Arizona
208,GPS,Gap Inc.,Consumer Discretionary,Apparel Retail,San Francisco, California
209,GRMN,Garmin Ltd.,Consumer Discretionary,Consumer Electronics,Schaffhausen, Switzerland
210,IT,Gartner Inc,Information Technology,IT Consulting & Other Services,Stamford, Connecticut
211,GD,General Dynamics,Industrials,Aerospace & Defense,Falls Church, Virginia
212,GE,General Electric,Industrials,Industrial Conglomerates,Boston, Massachusetts
213,GIS,General Mills,Consumer Staples,Packaged Foods & Meats,Golden Valley, Minnesota
214,GM,General Motors,Consumer Discretionary,Automobile Manufacturers,Detroit, Michigan
215,GPC,Genuine Parts,Consumer Discretionary,Specialty Stores,Atlanta, Georgia
216,GILD,Gilead Sciences,Health Care,Biotechnology,Foster City, California
217,GPN,Global Payments Inc.,Information Technology,Data Processing & Outsourced Services,Atlanta, Georgia
218,GS,Goldman Sachs Group,Financials,Investment Banking & Brokerage,New York, New York
219,GT,Goodyear Tire & Rubber,Consumer Discretionary,Tires & Rubber,Akron, Ohio
220,GWW,Grainger (W.W.) Inc.,Industrials,Industrial Machinery,Lake Forest, Illinois
221,HAL,Halliburton Co.,Energy,Oil & Gas Equipment & Services,Houston, Texas
222,HBI,Hanesbrands Inc,Consumer Discretionary,"Apparel, Accessories & Luxury Goods",Winston-Salem, North Carolina
223,HOG,Harley-Davidson,Consumer Discretionary,Motorcycle Manufacturers,Milwaukee, Wisconsin
224,HRS,Harris Corporation,Industrials,Aerospace & Defense,Melbourne, Florida
225,HIG,Hartford Financial Svc.Gp.,Financials,Property & Casualty Insurance,Hartford, Connecticut
226,HAS,Hasbro Inc.,Consumer Discretionary,Leisure Products,Pawtucket, Rhode Island
227,HCA,HCA Holdings,Health Care,Health Care Facilities,Nashville, Tennessee
228,HCP,HCP Inc.,Real Estate,Health Care REITs,Long Beach, California
229,HP,Helmerich & Payne,Energy,Oil & Gas Drilling,Tulsa, Oklahoma[7]
230,HSIC,Henry Schein,Health Care,Health Care Distributors,Melville, New York
231,HSY,The Hershey Company,Consumer Staples,Packaged Foods & Meats,Hershey, Pennsylvania
232,HES,Hess Corporation,Energy,Integrated Oil & Gas,New York, New York
233,HPE,Hewlett Packard Enterprise,Information Technology,"Technology Hardware, Storage & Peripherals",Palo Alto, California
234,HLT,Hilton Worldwide Holdings Inc,Consumer Discretionary,"Hotels, Resorts & Cruise Lines",Tysons Corner, Virginia
235,HFC,HollyFrontier Corp,Energy,Oil & Gas Refining & Marketing,Dallas, Texas
236,HOLX,Hologic,Health Care,Health Care Equipment,Marlborough, Massachusetts
237,HD,Home Depot,Consumer Discretionary,Home Improvement Retail,Atlanta, Georgia
238,HON,Honeywell Int'l Inc.,Industrials,Industrial Conglomerates,Morristown, New Jersey
239,HRL,Hormel Foods Corp.,Consumer Staples,Packaged Foods & Meats,Austin, Minnesota
240,HST,Host Hotels & Resorts,Real Estate,Hotel & Resort REITs,Bethesda, Maryland
241,HPQ,HP Inc.,Information Technology,"Technology Hardware, Storage & Peripherals",Palo Alto, California
242,HUM,Humana Inc.,Health Care,Managed Health Care,Louisville, Kentucky
243,HBAN,Huntington Bancshares,Financials,Regional Banks,Columbus, Ohio
244,HII,Huntington Ingalls Industries,Industrials,Aerospace & Defense,Newport News, Virginia
245,IDXX,IDEXX Laboratories,Health Care,Health Care Equipment,Westbrook, Maine
246,INFO,IHS Markit Ltd.,Industrials,Research & Consulting Services,London, United Kingdom
247,ITW,Illinois Tool Works,Industrials,Industrial Machinery,Glenview, Illinois
248,ILMN,Illumina Inc,Health Care,Life Sciences Tools & Services,San Diego, California
249,IR,Ingersoll-Rand PLC,Industrials,Industrial Machinery,Dublin, Ireland
250,INTC,Intel Corp.,Information Technology,Semiconductors,Santa Clara, California
251,ICE,Intercontinental Exchange,Financials,Financial Exchanges & Data,Atlanta, Georgia
252,IBM,International Business Machines,Information Technology,IT Consulting & Other Services,Armonk, New York
253,INCY,Incyte,Health Care,Biotechnology,Wilmington, Delaware
254,IP,International Paper,Materials,Paper Packaging,Memphis, Tennessee
255,IPG,Interpublic Group,Communication Services,Advertising,New York, New York
256,IFF,Intl Flavors & Fragrances,Materials,Specialty Chemicals,New York, New York
257,INTU,Intuit Inc.,Information Technology,Internet Software & Services,Mountain View, California
258,ISRG,Intuitive Surgical Inc.,Health Care,Health Care Equipment,Sunnyvale, California
259,IVZ,Invesco Ltd.,Financials,Asset Management & Custody Banks,Atlanta, Georgia
260,IPGP,IPG Photonics Corp.,Information Technology,Electronic Manufacturing Services,Oxford, Massachusetts
261,IQV,IQVIA Holdings Inc.,Health Care,Life Sciences Tools & Service,Durham, North Carolina
262,IRM,Iron Mountain Incorporated,Real Estate,Specialized REITs,Boston, Massachusetts
263,JKHY,Jack Henry & Associates Inc,Information Technology,Data Processing & Outsourced Services,Monett, Missouri
264,JEC,Jacobs Engineering Group,Industrials,Construction & Engineering,Pasadena, California
265,JBHT,J. B. Hunt Transport Services,Industrials,Trucking,Lowell, Arkansas
266,JEF,Jefferies Financial Group,Financials,Multi-Sector Holdings,New York, New York
267,SJM,JM Smucker,Consumer Staples,Packaged Foods & Meats,Orrville, Ohio
268,JNJ,Johnson & Johnson,Health Care,Health Care Equipment,New Brunswick, New Jersey
269,JCI,Johnson Controls International,Industrials,Building Products,Cork, Ireland
270,JPM,JPMorgan Chase & Co.,Financials,Diversified Banks,New York, New York
271,JNPR,Juniper Networks,Information Technology,Communications Equipment,Sunnyvale, California
272,KSU,Kansas City Southern,Industrials,Railroads,Kansas City, Missouri
273,K,Kellogg Co.,Consumer Staples,Packaged Foods & Meats,Battle Creek, Michigan
274,KEY,KeyCorp,Financials,Regional Banks,Cleveland, Ohio
275,KEYS,Keysight Technologies,Information Technology,Electronic Equipment & Instruments,Santa Rosa, California
276,KMB,Kimberly-Clark,Consumer Staples,Household Products,Irving, Texas
277,KIM,Kimco Realty,Real Estate,Retail REITs,New Hyde Park, New York
278,KMI,Kinder Morgan,Energy,Oil & Gas Storage & Transportation,Houston, Texas
279,KLAC,KLA-Tencor Corp.,Information Technology,Semiconductor Equipment,Milpitas, California
280,KSS,Kohl's Corp.,Consumer Discretionary,General Merchandise Stores,Menomonee Falls, Wisconsin
281,KHC,Kraft Heinz Co,Consumer Staples,Packaged Foods & Meats,Pittsburgh, Pennsylvania
282,KR,Kroger Co.,Consumer Staples,Food Retail,Cincinnati, Ohio
283,LB,L Brands Inc.,Consumer Discretionary,Apparel Retail,Columbus, Ohio
284,LLL,L-3 Communications Holdings,Industrials,Aerospace & Defense,New York, New York
285,LH,Laboratory Corp. of America Holding,Health Care,Health Care Services,Burlington, North Carolina
286,LRCX,Lam Research,Information Technology,Semiconductor Equipment,Fremont, California
287,LW,Lamb Weston Holdings Inc,Consumer Staples,Packaged Foods & Meats,Eagle, Idaho
288,LEG,Leggett & Platt,Consumer Discretionary,Home Furnishings,Carthage, Missouri
289,LEN,Lennar Corp.,Consumer Discretionary,Homebuilding,Miami, Florida
290,LLY,Lilly (Eli) & Co.,Health Care,Pharmaceuticals,Indianapolis, Indiana
291,LNC,Lincoln National,Financials,Multi-line Insurance,Radnor, Pennsylvania
292,LIN,Linde plc,Materials,Industrial Gases,Guildford," Surrey, United Kingdom"
293,LKQ,LKQ Corporation,Consumer Discretionary,Distributors,Chicago, Illinois
294,LMT,Lockheed Martin Corp.,Industrials,Aerospace & Defense,Bethesda, Maryland
295,L,Loews Corp.,Financials,Multi-line Insurance,New York, New York
296,LOW,Lowe's Cos.,Consumer Discretionary,Home Improvement Retail,Mooresville, North Carolina
297,LYB,LyondellBasell,Materials,Specialty Chemicals,Rotterdam, Netherlands
298,MTB,M&T Bank Corp.,Financials,Regional Banks,Buffalo, New York
299,MAC,Macerich,Real Estate,Retail REITs,Santa Monica, California
300,M,Macy's Inc.,Consumer Discretionary,Department Stores,Cincinnati, Ohio
301,MRO,Marathon Oil Corp.,Energy,Oil & Gas Exploration & Production,Houston, Texas
302,MPC,Marathon Petroleum,Energy,Oil & Gas Refining & Marketing,Findlay, Ohio
303,MAR,Marriott Int'l.,Consumer Discretionary,"Hotels, Resorts & Cruise Lines",Bethesda, Maryland
304,MMC,Marsh & McLennan,Financials,Insurance Brokers,New York, New York
305,MLM,Martin Marietta Materials,Materials,Construction Materials,Raleigh, North Carolina
306,MAS,Masco Corp.,Industrials,Building Products,Taylor, Michigan
307,MA,Mastercard Inc.,Information Technology,Internet Software & Services,Harrison, New York
308,MAT,Mattel Inc.,Consumer Discretionary,Leisure Products,El Segundo, California
309,MKC,McCormick & Co.,Consumer Staples,Packaged Foods & Meats,Sparks, Maryland
310,MXIM,Maxim Integrated Products Inc,Information Technology,Semiconductors,San Jose, California
311,MCD,McDonald's Corp.,Consumer Discretionary,Restaurants,Chicago, Illinois
312,MCK,McKesson Corp.,Health Care,Health Care Distributors,San Francisco, California
313,MDT,Medtronic plc,Health Care,Health Care Equipment,Dublin, Ireland
314,MRK,Merck & Co.,Health Care,Pharmaceuticals,Whitehouse Station, New Jersey
315,MET,MetLife Inc.,Financials,Life & Health Insurance,New York, New York
316,MTD,Mettler Toledo,Health Care,Life Sciences Tools & Services,Columbus, Ohio
317,MGM,MGM Resorts International,Consumer Discretionary,Casinos & Gaming,Paradise, Nevada
318,KORS,Michael Kors Holdings,Consumer Discretionary,"Apparel, Accessories & Luxury Goods",New York, New York
319,MCHP,Microchip Technology,Information Technology,Semiconductors,Chandler, Arizona
320,MU,Micron Technology,Information Technology,Semiconductors,Boise, Idaho
321,MSFT,Microsoft Corp.,Information Technology,Systems Software,Redmond, Washington
322,MAA,Mid-America Apartments,Real Estate,Residential REITs,Memphis, Tennessee
323,MHK,Mohawk Industries,Consumer Discretionary,Home Furnishings,Amsterdam, New York
324,TAP,Molson Coors Brewing Company,Consumer Staples,Brewers,Denver, Colorado
325,MDLZ,Mondelez International,Consumer Staples,Packaged Foods & Meats,Northfield, Illinois
326,MNST,Monster Beverage,Consumer Staples,Soft Drinks,Corona, California
327,MCO,Moody's Corp,Financials,Financial Exchanges & Data,New York, New York
328,MS,Morgan Stanley,Financials,Investment Banking & Brokerage,New York, New York
329,MOS,The Mosaic Company,Materials,Fertilizers & Agricultural Chemicals,Plymouth, Minnesota
330,MSI,Motorola Solutions Inc.,Information Technology,Communications Equipment,Schaumburg, Illinois
331,MSCI,MSCI Inc,Financials,Financial Exchanges & Data,New York, New York
332,MYL,Mylan N.V.,Health Care,Pharmaceuticals,Amsterdam, Netherlands
333,NDAQ,"Nasdaq, Inc.",Financials,Financial Exchanges & Data,New York, New York
334,NOV,National Oilwell Varco Inc.,Energy,Oil & Gas Equipment & Services,Houston, Texas
335,NKTR,Nektar Therapeutics,Health Care,Pharmaceuticals,San Francisco, California
336,NTAP,NetApp,Information Technology,Internet Software & Services,Sunnyvale, California
337,NFLX,Netflix Inc.,Communication Services,Movies & Entertainment,Los Gatos, California
338,NWL,Newell Brands,Consumer Discretionary,Housewares & Specialties,Sandy Springs, Georgia
339,NFX,Newfield Exploration Co,Energy,Oil & Gas Exploration & Production,Houston, Texas
340,NEM,Newmont Mining Corporation,Materials,Gold,Denver, Colorado
341,NWSA,News Corp. Class A,Communication Services,Publishing,New York, New York
342,NWS,News Corp. Class B,Communication Services,Publishing,New York, New York
343,NEE,NextEra Energy,Utilities,Multi-Utilities,Juno Beach, Florida
344,NLSN,Nielsen Holdings,Industrials,Research & Consulting Services,New York, New York
345,NKE,Nike,Consumer Discretionary,"Apparel, Accessories & Luxury Goods",Washington County, Oregon
346,NI,NiSource Inc.,Utilities,Multi-Utilities,Merrillville, Indiana
347,NBL,Noble Energy Inc,Energy,Oil & Gas Exploration & Production,Houston, Texas
348,JWN,Nordstrom,Consumer Discretionary,Department Stores,Seattle, Washington
349,NSC,Norfolk Southern Corp.,Industrials,Railroads,Norfolk, Virginia
350,NTRS,Northern Trust Corp.,Financials,Asset Management & Custody Banks,Chicago, Illinois
351,NOC,Northrop Grumman Corp.,Industrials,Aerospace & Defense,West Falls Church, Virginia
352,NCLH,Norwegian Cruise Line,Consumer Discretionary,"Hotels, Resorts & Cruise Lines",Miami, Florida
353,NRG,NRG Energy,Utilities,Independent Power Producers & Energy Traders,Princeton, New Jersey
354,NUE,Nucor Corp.,Materials,Steel,Charlotte, North Carolina
355,NVDA,Nvidia Corporation,Information Technology,Semiconductors,Santa Clara, California
356,ORLY,O'Reilly Automotive,Consumer Discretionary,Specialty Stores,Springfield, Missouri
357,OXY,Occidental Petroleum,Energy,Oil & Gas Exploration & Production,Los Angeles, California
358,OMC,Omnicom Group,Communication Services,Advertising,New York, New York
359,OKE,ONEOK,Energy,Oil & Gas Storage & Transportation,Tulsa, Oklahoma
360,ORCL,Oracle Corp.,Information Technology,Application Software,Redwood Shores, California
361,PCAR,PACCAR Inc.,Industrials,Construction Machinery & Heavy Trucks,Bellevue, Washington
362,PKG,Packaging Corporation of America,Materials,Paper Packaging,Lake Forest, Illinois
363,PH,Parker-Hannifin,Industrials,Industrial Machinery,Cleveland, Ohio
364,PAYX,Paychex Inc.,Information Technology,Internet Software & Services,Penfield, New York
365,PYPL,PayPal,Information Technology,Data Processing & Outsourced Services,San Jose, California
366,PNR,Pentair plc,Industrials,Industrial Machinery,Worsley, UK
367,PBCT,People's United Financial,Financials,Thrifts & Mortgage Finance,Bridgeport, Connecticut
368,PEP,PepsiCo Inc.,Consumer Staples,Soft Drinks,Purchase, New York
369,PKI,PerkinElmer,Health Care,Health Care Equipment,Waltham, Massachusetts
370,PRGO,Perrigo,Health Care,Pharmaceuticals,Dublin, Ireland
371,PFE,Pfizer Inc.,Health Care,Pharmaceuticals,New York, New York
372,PCG,PG&E Corp.,Utilities,Multi-Utilities,San Francisco, California
373,PM,Philip Morris International,Consumer Staples,Tobacco,New York, New York
374,PSX,Phillips 66,Energy,Oil & Gas Refining & Marketing,Houston, Texas
375,PNW,Pinnacle West Capital,Utilities,Multi-Utilities,Phoenix, Arizona
376,PXD,Pioneer Natural Resources,Energy,Oil & Gas Exploration & Production,Irving, Texas
377,PNC,PNC Financial Services,Financials,Regional Banks,Pittsburgh, Pennsylvania
378,RL,Polo Ralph Lauren Corp.,Consumer Discretionary,"Apparel, Accessories & Luxury Goods",New York, New York
379,PPG,PPG Industries,Materials,Specialty Chemicals,Pittsburgh, Pennsylvania
380,PPL,PPL Corp.,Utilities,Electric Utilities,Allentown, Pennsylvania
381,PFG,Principal Financial Group,Financials,Life & Health Insurance,Des Moines, Iowa
382,PG,Procter & Gamble,Consumer Staples,Personal Products,Cincinnati, Ohio
383,PGR,Progressive Corp.,Financials,Property & Casualty Insurance,Mayfield Village, Ohio
384,PLD,Prologis,Real Estate,Industrial REITs,San Francisco, California
385,PRU,Prudential Financial,Financials,Life & Health Insurance,Newark, New Jersey
386,PEG,Public Serv. Enterprise Inc.,Utilities,Electric Utilities,Newark, New Jersey
387,PSA,Public Storage,Real Estate,Specialized REITs,Glendale, California
388,PHM,Pulte Homes Inc.,Consumer Discretionary,Homebuilding,Atlanta, Georgia
389,PVH,PVH Corp.,Consumer Discretionary,"Apparel, Accessories & Luxury Goods",New York, New York
390,QRVO,Qorvo,Information Technology,Semiconductors,Greensboro, North Carolina
391,PWR,Quanta Services Inc.,Industrials,Construction & Engineering,Houston, Texas
392,QCOM,QUALCOMM Inc.,Information Technology,Semiconductors,San Diego, California
393,DGX,Quest Diagnostics,Health Care,Health Care Services,Madison, New Jersey
394,RJF,Raymond James Financial Inc.,Financials,Investment Banking & Brokerage,St. Petersburg, Florida
395,RTN,Raytheon Co.,Industrials,Aerospace & Defense,Waltham, Massachusetts
396,O,Realty Income Corporation,Real Estate,Retail REITs,San Diego, California
397,RHT,Red Hat Inc.,Information Technology,Systems Software,Raleigh, North Carolina
398,REG,Regency Centers Corporation,Real Estate,Retail REITs,Jacksonville, Florida
399,REGN,Regeneron,Health Care,Biotechnology,Tarrytown, New York
400,RF,Regions Financial Corp.,Financials,Regional Banks,Birmingham, Alabama
401,RSG,Republic Services Inc,Industrials,Environmental & Facilities Services,Phoenix, Arizona
402,RMD,ResMed,Health Care,Health Care Equipment,San Diego, California
403,RHI,Robert Half International,Industrials,Human Resource & Employment Services,Menlo Park, California
404,ROK,Rockwell Automation Inc.,Industrials,Electrical Components & Equipment,Milwaukee, Wisconsin
405,ROL,Rollins Inc.,Industrials,Environmental & Facilities Services,Atlanta, Georgia
406,ROP,Roper Technologies,Industrials,Industrial Conglomerates,Sarasota, Florida
407,ROST,Ross Stores,Consumer Discretionary,Apparel Retail,Pleasanton, California
408,RCL,Royal Caribbean Cruises Ltd,Consumer Discretionary,"Hotels, Resorts & Cruise Lines",Miami, Florida
409,CRM,Salesforce.com,Information Technology,Internet Software & Services,San Francisco, California
410,SBAC,SBA Communications,Real Estate,Specialized REITs,Boca Raton, Florida
411,SCG,SCANA Corp,Utilities,Multi-Utilities,Cayce, South Carolina
412,SLB,Schlumberger Ltd.,Energy,Oil & Gas Equipment & Services,Curaçao, Kingdom of the Netherlands
413,STX,Seagate Technology,Information Technology,"Technology Hardware, Storage & Peripherals",Dublin, Ireland
414,SEE,Sealed Air,Materials,Paper Packaging,Elmwood Park, New Jersey
415,SRE,Sempra Energy,Utilities,Multi-Utilities,San Diego, California
416,SHW,Sherwin-Williams,Materials,Specialty Chemicals,Cleveland, Ohio
417,SPG,Simon Property Group Inc,Real Estate,Retail REITs,Indianapolis, Indiana
418,SWKS,Skyworks Solutions,Information Technology,Semiconductors,Woburn, Massachusetts
419,SLG,SL Green Realty,Real Estate,Office REITs,New York, New York
420,SNA,Snap-on,Industrials,Industrial Machinery,Kenosha, Wisconsin
421,SO,Southern Co.,Utilities,Electric Utilities,Atlanta, Georgia
422,LUV,Southwest Airlines,Industrials,Airlines,Dallas, Texas
423,SPGI,"S&P Global, Inc.",Financials,Financial Exchanges & Data,New York, New York
424,SWK,Stanley Black & Decker,Industrials,Industrial Machinery,New Britain, Connecticut
425,SBUX,Starbucks Corp.,Consumer Discretionary,Restaurants,Seattle, Washington
426,STT,State Street Corp.,Financials,Asset Management & Custody Banks,Boston, Massachusetts
427,SYK,Stryker Corp.,Health Care,Health Care Equipment,Kalamazoo, Michigan
428,STI,SunTrust Banks,Financials,Regional Banks,Atlanta, Georgia
429,SIVB,SVB Financial,Financials,Regional Banks,Santa Clara, California
430,SYMC,Symantec Corp.,Information Technology,Application Software,Mountain View, California
431,SYF,Synchrony Financial,Financials,Consumer Finance,Stamford, Connecticut
432,SNPS,Synopsys Inc.,Information Technology,Application Software,Mountain View, California
433,SYY,Sysco Corp.,Consumer Staples,Food Distributors,Houston, Texas
434,TROW,T. Rowe Price Group,Financials,Asset Management & Custody Banks,Baltimore, Maryland
435,TTWO,Take-Two Interactive,Communication Services,Interactive Home Entertainment,New York, New York
436,TPR,"Tapestry, Inc.",Consumer Discretionary,"Apparel, Accessories & Luxury Goods",New York, New York
437,TGT,Target Corp.,Consumer Discretionary,General Merchandise Stores,Minneapolis, Minnesota
438,TEL,TE Connectivity Ltd.,Information Technology,Electronic Manufacturing Services,Schaffhausen, Switzerland
439,FTI,TechnipFMC,Energy,Oil & Gas Equipment & Services,London, United Kingdom
440,TXN,Texas Instruments,Information Technology,Semiconductors,Dallas, Texas
441,TXT,Textron Inc.,Industrials,Aerospace & Defense,Providence, Rhode Island
442,TMO,Thermo Fisher Scientific,Health Care,Health Care Equipment,Waltham, Massachusetts
443,TIF,Tiffany & Co.,Consumer Discretionary,"Apparel, Accessories & Luxury Goods",New York, New York
444,TWTR,"Twitter, Inc.",Communication Services,Interactive Media & Services,San Francisco, California
445,TJX,TJX Companies Inc.,Consumer Discretionary,Apparel Retail,Framingham, Massachusetts
446,TMK,Torchmark Corp.,Financials,Life & Health Insurance,McKinney, Texas
447,TSS,Total System Services,Information Technology,Internet Software & Services,Columbus, Georgia
448,TSCO,Tractor Supply Company,Consumer Discretionary,Specialty Stores,Brentwood, Tennessee
449,TDG,TransDigm Group,Industrials,Aerospace & Defense,Cleveland, Ohio
450,TRV,The Travelers Companies Inc.,Financials,Property & Casualty Insurance,New York, New York
451,TRIP,TripAdvisor,Communication Services,Interactive Media & Services,Newton, Massachusetts
452,FOXA,Twenty-First Century Fox Class A,Communication Services,Movies & Entertainment,New York, New York
453,FOX,Twenty-First Century Fox Class B,Communication Services,Movies & Entertainment,New York, New York
454,TSN,Tyson Foods,Consumer Staples,Packaged Foods & Meats,Springdale, Arkansas
455,UDR,UDR Inc,Real Estate,Residential REITs,Highlands Ranch, Colorado
456,ULTA,Ulta Beauty,Consumer Discretionary,Specialty Stores,Bolingbrook, Illinois
457,USB,U.S. Bancorp,Financials,Diversified Banks,Minneapolis, Minnesota
458,UAA,Under Armour Class A,Consumer Discretionary,"Apparel, Accessories & Luxury Goods",Baltimore, Maryland
459,UA,Under Armour Class C,Consumer Discretionary,"Apparel, Accessories & Luxury Goods",Baltimore, Maryland
460,UNP,Union Pacific,Industrials,Railroads,Omaha, Nebraska
461,UAL,United Continental Holdings,Industrials,Airlines,Chicago, Illinois
462,UNH,United Health Group Inc.,Health Care,Managed Health Care,Minnetonka, Minnesota
463,UPS,United Parcel Service,Industrials,Air Freight & Logistics,Atlanta, Georgia
464,URI,"United Rentals, Inc.",Industrials,Trading Companies & Distributors,Stamford, Connecticut
465,UTX,United Technologies,Industrials,Aerospace & Defense,Hartford, Connecticut
466,UHS,"Universal Health Services, Inc.",Health Care,Health Care Facilities,King of Prussia, Pennsylvania
467,UNM,Unum Group,Financials,Life & Health Insurance,Chattanooga, Tennessee
468,VFC,V.F. Corp.,Consumer Discretionary,"Apparel, Accessories & Luxury Goods",Greensboro, North Carolina
469,VLO,Valero Energy,Energy,Oil & Gas Refining & Marketing,San Antonio, Texas
470,VAR,Varian Medical Systems,Health Care,Health Care Equipment,Palo Alto, California
471,VTR,Ventas Inc,Real Estate,Health Care REITs,Chicago, Illinois
472,VRSN,Verisign Inc.,Information Technology,Internet Services & Infrastructure,Dulles, Virginia
473,VRSK,Verisk Analytics,Industrials,Research & Consulting Services,Jersey City, New Jersey
474,VZ,Verizon Communications,"Communication Services
",Integrated Telecommunication Services,New York, New York
475,VRTX,Vertex Pharmaceuticals Inc,Health Care,Biotechnology,Cambridge, Massachusetts
476,VIAB,Viacom Inc.,Communication Services,Movies & Entertainment,New York, New York
477,V,Visa Inc.,Information Technology,Internet Software & Services,San Francisco, California
478,VNO,Vornado Realty Trust,Real Estate,Office REITs,New York, New York
479,VMC,Vulcan Materials,Materials,Construction Materials,Birmingham, Alabama
480,WMT,Walmart,Consumer Staples,Hypermarkets & Super Centers,Bentonville, Arkansas
481,WBA,Walgreens Boots Alliance,Consumer Staples,Drug Retail,Deerfield, Illinois
482,DIS,The Walt Disney Company,Communication Services,Movies & Entertainment,Burbank, California
483,WM,Waste Management Inc.,Industrials,Environmental & Facilities Services,Houston, Texas
484,WAT,Waters Corporation,Health Care,Health Care Distributors,Milford, Massachusetts
485,WEC,Wec Energy Group Inc,Utilities,Electric Utilities,Milwaukee, Wisconsin
486,WCG,WellCare,Health Care,Managed Health Care,Tampa, Florida
487,WFC,Wells Fargo,Financials,Diversified Banks,San Francisco, California
488,WELL,Welltower Inc.,Real Estate,Health Care REITs,Toledo, Ohio
489,WDC,Western Digital,Information Technology,"Technology Hardware, Storage & Peripherals",Irvine, California
490,WU,Western Union Co,Information Technology,Internet Software & Services,Englewood, Colorado
491,WRK,WestRock,Materials,Paper Packaging,Richmond, Virginia
492,WY,Weyerhaeuser,Real Estate,Specialized REITs,Federal Way, Washington
493,WHR,Whirlpool Corp.,Consumer Discretionary,Household Appliances,Benton Harbor, Michigan
494,WMB,Williams Cos.,Energy,Oil & Gas Storage & Transportation,Tulsa, Oklahoma
495,WLTW,Willis Towers Watson,Financials,Insurance Brokers,London, United Kingdom
496,WYNN,Wynn Resorts Ltd,Consumer Discretionary,Casinos & Gaming,Paradise, Nevada
497,XEL,Xcel Energy Inc,Utilities,Multi-Utilities,Minneapolis, Minnesota
498,XRX,Xerox,Information Technology,"Technology Hardware, Storage & Peripherals",Norwalk, Connecticut
499,XLNX,Xilinx,Information Technology,Semiconductors,San Jose, California
500,XYL,Xylem Inc.,Industrials,Industrial Machinery,White Plains, New York
501,YUM,Yum! Brands Inc,Consumer Discretionary,Restaurants,Louisville, Kentucky
502,ZBH,Zimmer Biomet Holdings,Health Care,Health Care Equipment,Warsaw, Indiana
503,ZION,Zions Bancorp,Financials,Regional Banks,Salt Lake City, Utah
504,ZTS,Zoetis,Health Care,Pharmaceuticals,Florham Park, New Jersey
505,MMM,3M Company,Industrials,Industrial Conglomerates,St. Paul, Minnesota
506,ABT,Abbott Laboratories,Health Care,Health Care Equipment,North Chicago, Illinois
507,ABBV,AbbVie Inc.,Health Care,Pharmaceuticals,North Chicago, Illinois
508,ABMD,ABIOMED Inc,Health Care,Health Care Equipment,Danvers, Massachusetts
509,ACN,Accenture plc,Information Technology,IT Consulting & Other Services,Dublin, Ireland
510,ATVI,Activision Blizzard,Communication Services,Interactive Home Entertainment,Santa Monica, California
511,ADBE,Adobe Systems Inc,Information Technology,Application Software,San Jose, California
512,AMD,Advanced Micro Devices Inc,Information Technology,Semiconductors,Sunnyvale, California
513,AAP,Advance Auto Parts,Consumer Discretionary,Automotive Retail,Roanoke, Virginia
514,AES,AES Corp,Utilities,Independent Power Producers & Energy Traders,Arlington, Virginia
515,AMG,Affiliated Managers Group Inc,Financials,Asset Management & Custody Banks,Beverly, Massachusetts
516,AFL,AFLAC Inc,Financials,Life & Health Insurance,Columbus, Georgia
517,A,Agilent Technologies Inc,Health Care,Health Care Equipment,Santa Clara, California
518,APD,Air Products & Chemicals Inc,Materials,Industrial Gases,Allentown, Pennsylvania
519,AKAM,Akamai Technologies Inc,Information Technology,Internet Services & Infrastructure,Cambridge, Massachusetts
520,ALK,Alaska Air Group Inc,Industrials,Airlines,Seattle, Washington
521,ALB,Albemarle Corp,Materials,Specialty Chemicals,Baton Rouge, Louisiana
522,ARE,Alexandria Real Estate Equities Inc,Real Estate,Office REITs,Pasadena, California
523,ALXN,Alexion Pharmaceuticals,Health Care,Biotechnology,Cheshire, Connecticut
524,ALGN,Align Technology,Health Care,Health Care Supplies,San Jose, California
525,ALLE,Allegion,Industrials,Building Products,Dublin, Ireland
526,AGN,"Allergan, Plc",Health Care,Pharmaceuticals,Dublin, Ireland
527,ADS,Alliance Data Systems,Information Technology,Data Processing & Outsourced Services,Plano, Texas
528,LNT,Alliant Energy Corp,Utilities,Electric Utilities,Madison, Wisconsin
529,ALL,Allstate Corp,Financials,Property & Casualty Insurance,Northfield Township, Illinois
530,GOOGL,Alphabet Inc Class A,Communication Services,Interactive Media & Services,Mountain View, California
531,GOOG,Alphabet Inc Class C,Communication Services,Interactive Media & Services,Mountain View, California
532,MO,Altria Group Inc,Consumer Staples,Tobacco,Richmond, Virginia
533,AMZN,Amazon.com Inc.,Consumer Discretionary,Internet & Direct Marketing Retail,Seattle, Washington
534,AEE,Ameren Corp,Utilities,Multi-Utilities,St. Louis, Missouri
535,AAL,American Airlines Group,Industrials,Airlines,Fort Worth, Texas
536,AEP,American Electric Power,Utilities,Electric Utilities,Columbus, Ohio
537,AXP,American Express Co,Financials,Consumer Finance,New York, New York
538,AIG,"American International Group, Inc.",Financials,Property & Casualty Insurance,New York, New York
539,AMT,American Tower Corp.,Real Estate,Specialized REITs,Boston, Massachusetts
540,AWK,American Water Works Company Inc,Utilities,Water Utilities,Voorhees, New Jersey
541,AMP,Ameriprise Financial,Financials,Asset Management & Custody Banks,Minneapolis, Minnesota
542,ABC,AmerisourceBergen Corp,Health Care,Health Care Distributors,Chesterbrook, Pennsylvania
543,AME,AMETEK Inc.,Industrials,Electrical Components & Equipment,Berwyn, Pennsylvania
544,AMGN,Amgen Inc.,Health Care,Biotechnology,Thousand Oaks, California
545,APH,Amphenol Corp,Information Technology,Electronic Components,Wallingford, Connecticut
546,APC,Anadarko Petroleum Corp,Energy,Oil & Gas Exploration & Production,The Woodlands, Texas
547,ADI,"Analog Devices, Inc.",Information Technology,Semiconductors,Norwood, Massachusetts
548,ANSS,ANSYS,Information Technology,Application Software,Canonsburg, Pennsylvania
549,ANTM,Anthem Inc.,Health Care,Managed Health Care,Indianapolis, Indiana
550,AON,Aon plc,Financials,Insurance Brokers,London, United Kingdom
551,AOS,A.O. Smith Corp,Industrials,Building Products,Milwaukee, Wisconsin
552,APA,Apache Corporation,Energy,Oil & Gas Exploration & Production,Houston, Texas
553,AIV,Apartment Investment & Management (Aimco),Real Estate,Residential REITs,Denver, Colorado
554,AAPL,Apple Inc.,Information Technology,"Technology Hardware, Storage & Peripherals",Cupertino, California
555,AMAT,Applied Materials Inc.,Information Technology,Semiconductor Equipment,Santa Clara, California
556,APTV,Aptiv Plc,Consumer Discretionary,Auto Parts & Equipment,Gillingham," Kent, United Kingdom"
557,ADM,Archer-Daniels-Midland Co,Consumer Staples,Agricultural Products,Decatur, Illinois
558,ARNC,Arconic Inc.,Industrials,Aerospace & Defense,New York, New York
559,ANET,Arista Networks,Information Technology,Communications Equipment,Santa Clara, California
560,AJG,Arthur J. Gallagher & Co.,Financials,Insurance Brokers,Itasca, Illinois
561,AIZ,Assurant Inc.,Financials,Multi-line Insurance,New York, New York
562,T,AT&T Inc.,Communication Services,Integrated Telecommunication Services,Dallas, Texas
563,ADSK,Autodesk Inc.,Information Technology,Application Software,San Rafael, California
564,ADP,Automatic Data Processing,Information Technology,Internet Software & Services,Roseland, New Jersey
565,AZO,AutoZone Inc,Consumer Discretionary,Specialty Stores,Memphis, Tennessee
566,AVB,"AvalonBay Communities, Inc.",Real Estate,Residential REITs,Arlington, Virginia[5]
567,AVY,Avery Dennison Corp,Materials,Paper Packaging,Glendale, California
568,BHGE,"Baker Hughes, a GE Company",Energy,Oil & Gas Equipment & Services,Houston, Texas
569,BLL,Ball Corp,Materials,Metal & Glass Containers,Broomfield, Colorado
570,BAC,Bank of America Corp,Financials,Diversified Banks,Charlotte, North Carolina
571,BK,The Bank of New York Mellon Corp.,Financials,Asset Management & Custody Banks,New York, New York
572,BAX,Baxter International Inc.,Health Care,Health Care Equipment,Deerfield, Illinois
573,BBT,BB&T Corporation,Financials,Regional Banks,Winston-Salem, North Carolina
574,BDX,Becton Dickinson,Health Care,Health Care Equipment,Franklin Lakes, New Jersey
575,BRK.B,Berkshire Hathaway,Financials,Multi-Sector Holdings,Omaha, Nebraska
576,BBY,Best Buy Co. Inc.,Consumer Discretionary,Computer & Electronics Retail,Richfield, Minnesota
577,BIIB,Biogen Inc.,Health Care,Biotechnology,Weston, Massachusetts
578,BLK,BlackRock,Financials,Asset Management & Custody Banks,New York, New York
579,HRB,Block H&R,Consumer Discretionary,Specialized Consumer Services,Kansas City, Missouri
580,BA,Boeing Company,Industrials,Aerospace & Defense,Chicago, Illinois
581,BKNG,Booking Holdings Inc,Consumer Discretionary,Internet & Direct Marketing Retail,Norwalk, Connecticut
582,BWA,BorgWarner,Consumer Discretionary,Auto Parts & Equipment,Auburn Hills, Michigan
583,BXP,Boston Properties,Real Estate,Office REITs,Boston, Massachusetts
584,BSX,Boston Scientific,Health Care,Health Care Equipment,Marlborough, Massachusetts[6]
585,BHF,Brighthouse Financial Inc,Financials,Life & Health Insurance,Charlotte, North Carolina
586,BMY,Bristol-Myers Squibb,Health Care,Health Care Distributors,New York, New York
587,AVGO,Broadcom,Information Technology,Semiconductors,San Jose, California
588,BR,Broadridge Financial Solutions,Information Technology,Data Processing & Outsourced Services,Lake Success, New York
589,BF.B,Brown-Forman Corp.,Consumer Staples,Distillers & Vintners,Louisville, Kentucky
590,CHRW,C. H. Robinson Worldwide,Industrials,Air Freight & Logistics,Eden Prairie, Minnesota
591,COG,Cabot Oil & Gas,Energy,Oil & Gas Exploration & Production,Houston, Texas
592,CDNS,Cadence Design Systems,Information Technology,Application Software,San Jose, California
593,CPB,Campbell Soup,Consumer Staples,Packaged Foods & Meats,Camden, New Jersey
594,COF,Capital One Financial,Financials,Consumer Finance,Tysons Corner, Virginia
595,CAH,Cardinal Health Inc.,Health Care,Health Care Distributors,Dublin, Ohio
596,KMX,Carmax Inc,Consumer Discretionary,Specialty Stores,Richmond, Virginia
597,CCL,Carnival Corp.,Consumer Discretionary,"Hotels, Resorts & Cruise Lines",Miami, Florida
598,CAT,Caterpillar Inc.,Industrials,Construction Machinery & Heavy Trucks,Peoria, Illinois
599,CBOE,Cboe Global Markets,Financials,Financial Exchanges & Data,Chicago, Illinois
600,CBRE,CBRE Group,Real Estate,Real Estate Services,Los Angeles, California
601,CBS,CBS Corp.,Communication Services,Broadcasting,New York, New York
602,CELG,Celgene Corp.,Health Care,Biotechnology,Summit, New Jersey
603,CNC,Centene Corporation,Health Care,Managed Health Care,St Louis, Missouri
604,CNP,CenterPoint Energy,Utilities,Multi-Utilities,Houston, Texas
605,CTL,CenturyLink Inc,Communication Services,Integrated Telecommunication Services,Monroe, Louisiana
606,CERN,Cerner,Health Care,Health Care Technology,North Kansas City, Missouri
607,CF,CF Industries Holdings Inc,Materials,Fertilizers & Agricultural Chemicals,Deerfield, Illinois
608,SCHW,Charles Schwab Corporation,Financials,Investment Banking & Brokerage,San Francisco, California
609,CHTR,Charter Communications,Communication Services,Cable & Satellite,Stamford, Connecticut
610,CVX,Chevron Corp.,Energy,Integrated Oil & Gas,San Ramon, California
611,CMG,Chipotle Mexican Grill,Consumer Discretionary,Restaurants,Denver, Colorado
612,CB,Chubb Limited,Financials,Property & Casualty Insurance,Zurich, Switzerland
613,CHD,Church & Dwight,Consumer Staples,Household Products,Ewing, New Jersey
614,CI,CIGNA Corp.,Health Care,Managed Health Care,Bloomfield, Connecticut
615,XEC,Cimarex Energy,Energy,Oil & Gas Exploration & Production,Denver, Colorado
616,CINF,Cincinnati Financial,Financials,Property & Casualty Insurance,Fairfield, Ohio
617,CTAS,Cintas Corporation,Industrials,Diversified Support Services,Mason, Ohio
618,CSCO,Cisco Systems,Information Technology,Communications Equipment,San Jose, California
619,C,Citigroup Inc.,Financials,Diversified Banks,New York, New York
620,CFG,Citizens Financial Group,Financials,Regional Banks,Providence, Rhode Island
621,CTXS,Citrix Systems,Information Technology,Internet Software & Services,Fort Lauderdale, Florida
622,CLX,The Clorox Company,Consumer Staples,Household Products,Oakland, California
623,CME,CME Group Inc.,Financials,Financial Exchanges & Data,Chicago, Illinois
624,CMS,CMS Energy,Utilities,Multi-Utilities,Jackson, Michigan
625,KO,Coca-Cola Company (The),Consumer Staples,Soft Drinks,Atlanta, Georgia
626,CTSH,Cognizant Technology Solutions,Information Technology,IT Consulting & Other Services,Teaneck, New Jersey
627,CL,Colgate-Palmolive,Consumer Staples,Household Products,New York, New York
628,CMCSA,Comcast Corp.,Communication Services,Cable & Satellite,Philadelphia, Pennsylvania
629,CMA,Comerica Inc.,Financials,Diversified Banks,Dallas, Texas
630,CAG,Conagra Brands,Consumer Staples,Packaged Foods & Meats,Chicago, Illinois
631,CXO,Concho Resources,Energy,Oil & Gas Exploration & Production,Midland, Texas
632,COP,ConocoPhillips,Energy,Oil & Gas Exploration & Production,Houston, Texas
633,ED,Consolidated Edison,Utilities,Electric Utilities,New York, New York
634,STZ,Constellation Brands,Consumer Staples,Distillers & Vintners,Victor, New York
635,COO,The Cooper Companies,Health Care,Health Care Supplies,Pleasanton, California
636,CPRT,Copart Inc,Industrials,Diversified Support Services,Dallas, Texas
637,GLW,Corning Inc.,Information Technology,Electronic Components,Corning, New York
638,COST,Costco Wholesale Corp.,Consumer Staples,Hypermarkets & Super Centers,Issaquah, Washington
639,COTY,"Coty, Inc",Consumer Staples,Personal Products,New York, New York
640,CCI,Crown Castle International Corp.,Real Estate,Specialized REITs,Houston, Texas
641,CSX,CSX Corp.,Industrials,Railroads,Jacksonville, Florida
642,CMI,Cummins Inc.,Industrials,Industrial Machinery,Columbus, Indiana
643,CVS,CVS Health,Health Care,Health Care Services,Woonsocket, Rhode Island
644,DHI,D. R. Horton,Consumer Discretionary,Homebuilding,Fort Worth, Texas
645,DHR,Danaher Corp.,Health Care,Health Care Equipment,Washington, D.C.
646,DRI,Darden Restaurants,Consumer Discretionary,Restaurants,Orlando, Florida
647,DVA,DaVita Inc.,Health Care,Health Care Facilities,Denver, Colorado
648,DE,Deere & Co.,Industrials,Agricultural & Farm Machinery,Moline, Illinois
649,DAL,Delta Air Lines Inc.,Industrials,Airlines,Atlanta, Georgia
650,XRAY,Dentsply Sirona,Health Care,Health Care Supplies,York, Pennsylvania
651,DVN,Devon Energy Corp.,Energy,Oil & Gas Exploration & Production,Oklahoma City, Oklahoma
652,FANG,Diamondback Energy Inc,Energy,Oil & Gas Exploration & Production,Midland, Texas
653,DLR,Digital Realty Trust Inc,Real Estate,Specialized REITs,San Francisco, California
654,DFS,Discover Financial Services,Financials,Consumer Finance,Riverwoods, Illinois
655,DISCA,Discovery Inc. Class A,Communication Services,Broadcasting,Silver Spring, Maryland
656,DISCK,Discovery Inc. Class C,Communication Services,Broadcasting,Silver Spring, Maryland
657,DISH,Dish Network,Communication Services,Cable & Satellite,Meridian, Colorado
658,DG,Dollar General,Consumer Discretionary,General Merchandise Stores,Goodlettsville, Tennessee
659,DLTR,Dollar Tree,Consumer Discretionary,General Merchandise Stores,Chesapeake, Virginia
660,D,Dominion Energy,Utilities,Electric Utilities,Richmond, Virginia
661,DOV,Dover Corp.,Industrials,Industrial Machinery,Downers Grove, Illinois
662,DWDP,DowDuPont,Materials,Diversified Chemicals,Midland, Michigan
663,DTE,DTE Energy Co.,Utilities,Multi-Utilities,Detroit, Michigan
664,DRE,Duke Realty Corp,Real Estate,Industrial REITs,Indianapolis, Indiana
665,DUK,Duke Energy,Utilities,Electric Utilities,Charlotte, North Carolina
666,DXC,DXC Technology,Information Technology,IT Consulting & Other Services,Tysons Corner, Virginia
667,ETFC,E*Trade,Financials,Investment Banking & Brokerage,New York, New York
668,EMN,Eastman Chemical,Materials,Diversified Chemicals,Kingsport, Tennessee
669,ETN,Eaton Corporation,Industrials,Electrical Components & Equipment,Dublin, Ireland
670,EBAY,eBay Inc.,Consumer Discretionary,Internet & Direct Marketing Retail,San Jose, California
671,ECL,Ecolab Inc.,Materials,Specialty Chemicals,St. Paul, Minnesota
672,EIX,Edison Int'l,Utilities,Electric Utilities,Rosemead, California
673,EW,Edwards Lifesciences,Health Care,Health Care Equipment,Irvine, California
674,EA,Electronic Arts,Communication Services,Interactive Home Entertainment,Redwood City, California
675,EMR,Emerson Electric Company,Industrials,Electrical Components & Equipment,Ferguson, Missouri
676,ETR,Entergy Corp.,Utilities,Electric Utilities,New Orleans, Louisiana
677,EOG,EOG Resources,Energy,Oil & Gas Exploration & Production,Houston, Texas
678,EFX,Equifax Inc.,Industrials,Research & Consulting Services,Atlanta, Georgia
679,EQIX,Equinix,Real Estate,Specialized REITs,Redwood City, California
680,EQR,Equity Residential,Real Estate,Residential REITs,Chicago, Illinois
681,ESS,"Essex Property Trust, Inc.",Real Estate,Residential REITs,Palo Alto, California
682,EL,Estee Lauder Cos.,Consumer Staples,Personal Products,New York, New York
683,EVRG,Evergy,Utilities,Electric Utilities,Kansas City, Missouri
684,ES,Eversource Energy,Utilities,Multi-Utilities,Springfield, Massachusetts
685,RE,Everest Re Group Ltd.,Financials,Reinsurance,Hamilton, Bermuda
686,EXC,Exelon Corp.,Utilities,Multi-Utilities,Chicago, Illinois
687,EXPE,Expedia Group,Consumer Discretionary,Internet & Direct Marketing Retail,Bellevue, Washington
688,EXPD,Expeditors,Industrials,Air Freight & Logistics,Seattle, Washington
689,ESRX,Express Scripts,Health Care,Health Care Distributors,Cool Valley, Missouri
690,EXR,Extra Space Storage,Real Estate,Specialized REITs,Salt Lake City, Utah
691,XOM,Exxon Mobil Corp.,Energy,Integrated Oil & Gas,Irving, Texas
692,FFIV,F5 Networks,Information Technology,Communications Equipment,Seattle, Washington
693,FB,"Facebook, Inc.",Communication Services,Interactive Media & Services,Menlo Park, California
694,FAST,Fastenal Co,Industrials,Building Products,Winona, Minnesota
695,FRT,Federal Realty Investment Trust,Real Estate,Retail REITs,Rockville, Maryland
696,FDX,FedEx Corporation,Industrials,Air Freight & Logistics,Memphis, Tennessee
697,FIS,Fidelity National Information Services,Information Technology,Internet Software & Services,Jacksonville, Florida
698,FITB,Fifth Third Bancorp,Financials,Regional Banks,Cincinnati, Ohio
699,FE,FirstEnergy Corp,Utilities,Electric Utilities,Akron, Ohio
700,FISV,Fiserv Inc,Information Technology,Internet Software & Services,Brookfield, Wisconsin
701,FLT,FleetCor Technologies Inc,Information Technology,Data Processing & Outsources Services,Norcross, Georgia
702,FLIR,FLIR Systems,Information Technology,Electronic Equipment & Instruments,Wilsonville, Oregon
703,FLS,Flowserve Corporation,Industrials,Industrial Machinery,Irving, Texas
704,FLR,Fluor Corp.,Industrials,Construction & Engineering,Irving, Texas
705,FMC,FMC Corporation,Materials,Fertilizers & Agricultural Chemicals,Philadelphia, Pennsylvania
706,FL,Foot Locker Inc,Consumer Discretionary,Apparel Retail,New York, New York
707,F,Ford Motor,Consumer Discretionary,Automobile Manufacturers,Dearborn, Michigan
708,FTNT,Fortinet,Information Technology,Systems Software,Sunnyvale, California
709,FTV,Fortive Corp,Industrials,Industrial Machinery,Everett, Washington
710,FBHS,Fortune Brands Home & Security,Industrials,Building Products,Deerfield, Illinois
711,BEN,Franklin Resources,Financials,Asset Management & Custody Banks,San Mateo, California
712,FCX,Freeport-McMoRan Inc.,Materials,Copper,Phoenix, Arizona
713,GPS,Gap Inc.,Consumer Discretionary,Apparel Retail,San Francisco, California
714,GRMN,Garmin Ltd.,Consumer Discretionary,Consumer Electronics,Schaffhausen, Switzerland
715,IT,Gartner Inc,Information Technology,IT Consulting & Other Services,Stamford, Connecticut
716,GD,General Dynamics,Industrials,Aerospace & Defense,Falls Church, Virginia
717,GE,General Electric,Industrials,Industrial Conglomerates,Boston, Massachusetts
718,GIS,General Mills,Consumer Staples,Packaged Foods & Meats,Golden Valley, Minnesota
719,GM,General Motors,Consumer Discretionary,Automobile Manufacturers,Detroit, Michigan
720,GPC,Genuine Parts,Consumer Discretionary,Specialty Stores,Atlanta, Georgia
721,GILD,Gilead Sciences,Health Care,Biotechnology,Foster City, California
722,GPN,Global Payments Inc.,Information Technology,Data Processing & Outsourced Services,Atlanta, Georgia
723,GS,Goldman Sachs Group,Financials,Investment Banking & Brokerage,New York, New York
724,GT,Goodyear Tire & Rubber,Consumer Discretionary,Tires & Rubber,Akron, Ohio
725,GWW,Grainger (W.W.) Inc.,Industrials,Industrial Machinery,Lake Forest, Illinois
726,HAL,Halliburton Co.,Energy,Oil & Gas Equipment & Services,Houston, Texas
727,HBI,Hanesbrands Inc,Consumer Discretionary,"Apparel, Accessories & Luxury Goods",Winston-Salem, North Carolina
728,HOG,Harley-Davidson,Consumer Discretionary,Motorcycle Manufacturers,Milwaukee, Wisconsin
729,HRS,Harris Corporation,Industrials,Aerospace & Defense,Melbourne, Florida
730,HIG,Hartford Financial Svc.Gp.,Financials,Property & Casualty Insurance,Hartford, Connecticut
731,HAS,Hasbro Inc.,Consumer Discretionary,Leisure Products,Pawtucket, Rhode Island
732,HCA,HCA Holdings,Health Care,Health Care Facilities,Nashville, Tennessee
733,HCP,HCP Inc.,Real Estate,Health Care REITs,Long Beach, California
734,HP,Helmerich & Payne,Energy,Oil & Gas Drilling,Tulsa, Oklahoma[7]
735,HSIC,Henry Schein,Health Care,Health Care Distributors,Melville, New York
736,HSY,The Hershey Company,Consumer Staples,Packaged Foods & Meats,Hershey, Pennsylvania
737,HES,Hess Corporation,Energy,Integrated Oil & Gas,New York, New York
738,HPE,Hewlett Packard Enterprise,Information Technology,"Technology Hardware, Storage & Peripherals",Palo Alto, California
739,HLT,Hilton Worldwide Holdings Inc,Consumer Discretionary,"Hotels, Resorts & Cruise Lines",Tysons Corner, Virginia
740,HFC,HollyFrontier Corp,Energy,Oil & Gas Refining & Marketing,Dallas, Texas
741,HOLX,Hologic,Health Care,Health Care Equipment,Marlborough, Massachusetts
742,HD,Home Depot,Consumer Discretionary,Home Improvement Retail,Atlanta, Georgia
743,HON,Honeywell Int'l Inc.,Industrials,Industrial Conglomerates,Morristown, New Jersey
744,HRL,Hormel Foods Corp.,Consumer Staples,Packaged Foods & Meats,Austin, Minnesota
745,HST,Host Hotels & Resorts,Real Estate,Hotel & Resort REITs,Bethesda, Maryland
746,HPQ,HP Inc.,Information Technology,"Technology Hardware, Storage & Peripherals",Palo Alto, California
747,HUM,Humana Inc.,Health Care,Managed Health Care,Louisville, Kentucky
748,HBAN,Huntington Bancshares,Financials,Regional Banks,Columbus, Ohio
749,HII,Huntington Ingalls Industries,Industrials,Aerospace & Defense,Newport News, Virginia
750,IDXX,IDEXX Laboratories,Health Care,Health Care Equipment,Westbrook, Maine
751,INFO,IHS Markit Ltd.,Industrials,Research & Consulting Services,London, United Kingdom
752,ITW,Illinois Tool Works,Industrials,Industrial Machinery,Glenview, Illinois
753,ILMN,Illumina Inc,Health Care,Life Sciences Tools & Services,San Diego, California
754,IR,Ingersoll-Rand PLC,Industrials,Industrial Machinery,Dublin, Ireland
755,INTC,Intel Corp.,Information Technology,Semiconductors,Santa Clara, California
756,ICE,Intercontinental Exchange,Financials,Financial Exchanges & Data,Atlanta, Georgia
757,IBM,International Business Machines,Information Technology,IT Consulting & Other Services,Armonk, New York
758,INCY,Incyte,Health Care,Biotechnology,Wilmington, Delaware
759,IP,International Paper,Materials,Paper Packaging,Memphis, Tennessee
760,IPG,Interpublic Group,Communication Services,Advertising,New York, New York
761,IFF,Intl Flavors & Fragrances,Materials,Specialty Chemicals,New York, New York
762,INTU,Intuit Inc.,Information Technology,Internet Software & Services,Mountain View, California
763,ISRG,Intuitive Surgical Inc.,Health Care,Health Care Equipment,Sunnyvale, California
764,IVZ,Invesco Ltd.,Financials,Asset Management & Custody Banks,Atlanta, Georgia
765,IPGP,IPG Photonics Corp.,Information Technology,Electronic Manufacturing Services,Oxford, Massachusetts
766,IQV,IQVIA Holdings Inc.,Health Care,Life Sciences Tools & Service,Durham, North Carolina
767,IRM,Iron Mountain Incorporated,Real Estate,Specialized REITs,Boston, Massachusetts
768,JKHY,Jack Henry & Associates Inc,Information Technology,Data Processing & Outsourced Services,Monett, Missouri
769,JEC,Jacobs Engineering Group,Industrials,Construction & Engineering,Pasadena, California
770,JBHT,J. B. Hunt Transport Services,Industrials,Trucking,Lowell, Arkansas
771,JEF,Jefferies Financial Group,Financials,Multi-Sector Holdings,New York, New York
772,SJM,JM Smucker,Consumer Staples,Packaged Foods & Meats,Orrville, Ohio
773,JNJ,Johnson & Johnson,Health Care,Health Care Equipment,New Brunswick, New Jersey
774,JCI,Johnson Controls International,Industrials,Building Products,Cork, Ireland
775,JPM,JPMorgan Chase & Co.,Financials,Diversified Banks,New York, New York
776,JNPR,Juniper Networks,Information Technology,Communications Equipment,Sunnyvale, California
777,KSU,Kansas City Southern,Industrials,Railroads,Kansas City, Missouri
778,K,Kellogg Co.,Consumer Staples,Packaged Foods & Meats,Battle Creek, Michigan
779,KEY,KeyCorp,Financials,Regional Banks,Cleveland, Ohio
780,KEYS,Keysight Technologies,Information Technology,Electronic Equipment & Instruments,Santa Rosa, California
781,KMB,Kimberly-Clark,Consumer Staples,Household Products,Irving, Texas
782,KIM,Kimco Realty,Real Estate,Retail REITs,New Hyde Park, New York
783,KMI,Kinder Morgan,Energy,Oil & Gas Storage & Transportation,Houston, Texas
784,KLAC,KLA-Tencor Corp.,Information Technology,Semiconductor Equipment,Milpitas, California
785,KSS,Kohl's Corp.,Consumer Discretionary,General Merchandise Stores,Menomonee Falls, Wisconsin
786,KHC,Kraft Heinz Co,Consumer Staples,Packaged Foods & Meats,Pittsburgh, Pennsylvania
787,KR,Kroger Co.,Consumer Staples,Food Retail,Cincinnati, Ohio
788,LB,L Brands Inc.,Consumer Discretionary,Apparel Retail,Columbus, Ohio
789,LLL,L-3 Communications Holdings,Industrials,Aerospace & Defense,New York, New York
790,LH,Laboratory Corp. of America Holding,Health Care,Health Care Services,Burlington, North Carolina
791,LRCX,Lam Research,Information Technology,Semiconductor Equipment,Fremont, California
792,LW,Lamb Weston Holdings Inc,Consumer Staples,Packaged Foods & Meats,Eagle, Idaho
793,LEG,Leggett & Platt,Consumer Discretionary,Home Furnishings,Carthage, Missouri
794,LEN,Lennar Corp.,Consumer Discretionary,Homebuilding,Miami, Florida
795,LLY,Lilly (Eli) & Co.,Health Care,Pharmaceuticals,Indianapolis, Indiana
796,LNC,Lincoln National,Financials,Multi-line Insurance,Radnor, Pennsylvania
797,LIN,Linde plc,Materials,Industrial Gases,Guildford," Surrey, United Kingdom"
798,LKQ,LKQ Corporation,Consumer Discretionary,Distributors,Chicago, Illinois
799,LMT,Lockheed Martin Corp.,Industrials,Aerospace & Defense,Bethesda, Maryland
800,L,Loews Corp.,Financials,Multi-line Insurance,New York, New York
801,LOW,Lowe's Cos.,Consumer Discretionary,Home Improvement Retail,Mooresville, North Carolina
802,LYB,LyondellBasell,Materials,Specialty Chemicals,Rotterdam, Netherlands
803,MTB,M&T Bank Corp.,Financials,Regional Banks,Buffalo, New York
804,MAC,Macerich,Real Estate,Retail REITs,Santa Monica, California
805,M,Macy's Inc.,Consumer Discretionary,Department Stores,Cincinnati, Ohio
806,MRO,Marathon Oil Corp.,Energy,Oil & Gas Exploration & Production,Houston, Texas
807,MPC,Marathon Petroleum,Energy,Oil & Gas Refining & Marketing,Findlay, Ohio
808,MAR,Marriott Int'l.,Consumer Discretionary,"Hotels, Resorts & Cruise Lines",Bethesda, Maryland
809,MMC,Marsh & McLennan,Financials,Insurance Brokers,New York, New York
810,MLM,Martin Marietta Materials,Materials,Construction Materials,Raleigh, North Carolina
811,MAS,Masco Corp.,Industrials,Building Products,Taylor, Michigan
812,MA,Mastercard Inc.,Information Technology,Internet Software & Services,Harrison, New York
813,MAT,Mattel Inc.,Consumer Discretionary,Leisure Products,El Segundo, California
814,MKC,McCormick & Co.,Consumer Staples,Packaged Foods & Meats,Sparks, Maryland
815,MXIM,Maxim Integrated Products Inc,Information Technology,Semiconductors,San Jose, California
816,MCD,McDonald's Corp.,Consumer Discretionary,Restaurants,Chicago, Illinois
817,MCK,McKesson Corp.,Health Care,Health Care Distributors,San Francisco, California
818,MDT,Medtronic plc,Health Care,Health Care Equipment,Dublin, Ireland
819,MRK,Merck & Co.,Health Care,Pharmaceuticals,Whitehouse Station, New Jersey
820,MET,MetLife Inc.,Financials,Life & Health Insurance,New York, New York
821,MTD,Mettler Toledo,Health Care,Life Sciences Tools & Services,Columbus, Ohio
822,MGM,MGM Resorts International,Consumer Discretionary,Casinos & Gaming,Paradise, Nevada
823,KORS,Michael Kors Holdings,Consumer Discretionary,"Apparel, Accessories & Luxury Goods",New York, New York
824,MCHP,Microchip Technology,Information Technology,Semiconductors,Chandler, Arizona
825,MU,Micron Technology,Information Technology,Semiconductors,Boise, Idaho
826,MSFT,Microsoft Corp.,Information Technology,Systems Software,Redmond, Washington
827,MAA,Mid-America Apartments,Real Estate,Residential REITs,Memphis, Tennessee
828,MHK,Mohawk Industries,Consumer Discretionary,Home Furnishings,Amsterdam, New York
829,TAP,Molson Coors Brewing Company,Consumer Staples,Brewers,Denver, Colorado
830,MDLZ,Mondelez International,Consumer Staples,Packaged Foods & Meats,Northfield, Illinois
831,MNST,Monster Beverage,Consumer Staples,Soft Drinks,Corona, California
832,MCO,Moody's Corp,Financials,Financial Exchanges & Data,New York, New York
833,MS,Morgan Stanley,Financials,Investment Banking & Brokerage,New York, New York
834,MOS,The Mosaic Company,Materials,Fertilizers & Agricultural Chemicals,Plymouth, Minnesota
835,MSI,Motorola Solutions Inc.,Information Technology,Communications Equipment,Schaumburg, Illinois
836,MSCI,MSCI Inc,Financials,Financial Exchanges & Data,New York, New York
837,MYL,Mylan N.V.,Health Care,Pharmaceuticals,Amsterdam, Netherlands
838,NDAQ,"Nasdaq, Inc.",Financials,Financial Exchanges & Data,New York, New York
839,NOV,National Oilwell Varco Inc.,Energy,Oil & Gas Equipment & Services,Houston, Texas
840,NKTR,Nektar Therapeutics,Health Care,Pharmaceuticals,San Francisco, California
841,NTAP,NetApp,Information Technology,Internet Software & Services,Sunnyvale, California
842,NFLX,Netflix Inc.,Communication Services,Movies & Entertainment,Los Gatos, California
843,NWL,Newell Brands,Consumer Discretionary,Housewares & Specialties,Sandy Springs, Georgia
844,NFX,Newfield Exploration Co,Energy,Oil & Gas Exploration & Production,Houston, Texas
845,NEM,Newmont Mining Corporation,Materials,Gold,Denver, Colorado
846,NWSA,News Corp. Class A,Communication Services,Publishing,New York, New York
847,NWS,News Corp. Class B,Communication Services,Publishing,New York, New York
848,NEE,NextEra Energy,Utilities,Multi-Utilities,Juno Beach, Florida
849,NLSN,Nielsen Holdings,Industrials,Research & Consulting Services,New York, New York
850,NKE,Nike,Consumer Discretionary,"Apparel, Accessories & Luxury Goods",Washington County, Oregon
851,NI,NiSource Inc.,Utilities,Multi-Utilities,Merrillville, Indiana
852,NBL,Noble Energy Inc,Energy,Oil & Gas Exploration & Production,Houston, Texas
853,JWN,Nordstrom,Consumer Discretionary,Department Stores,Seattle, Washington
854,NSC,Norfolk Southern Corp.,Industrials,Railroads,Norfolk, Virginia
855,NTRS,Northern Trust Corp.,Financials,Asset Management & Custody Banks,Chicago, Illinois
856,NOC,Northrop Grumman Corp.,Industrials,Aerospace & Defense,West Falls Church, Virginia
857,NCLH,Norwegian Cruise Line,Consumer Discretionary,"Hotels, Resorts & Cruise Lines",Miami, Florida
858,NRG,NRG Energy,Utilities,Independent Power Producers & Energy Traders,Princeton, New Jersey
859,NUE,Nucor Corp.,Materials,Steel,Charlotte, North Carolina
860,NVDA,Nvidia Corporation,Information Technology,Semiconductors,Santa Clara, California
861,ORLY,O'Reilly Automotive,Consumer Discretionary,Specialty Stores,Springfield, Missouri
862,OXY,Occidental Petroleum,Energy,Oil & Gas Exploration & Production,Los Angeles, California
863,OMC,Omnicom Group,Communication Services,Advertising,New York, New York
864,OKE,ONEOK,Energy,Oil & Gas Storage & Transportation,Tulsa, Oklahoma
865,ORCL,Oracle Corp.,Information Technology,Application Software,Redwood Shores, California
866,PCAR,PACCAR Inc.,Industrials,Construction Machinery & Heavy Trucks,Bellevue, Washington
867,PKG,Packaging Corporation of America,Materials,Paper Packaging,Lake Forest, Illinois
868,PH,Parker-Hannifin,Industrials,Industrial Machinery,Cleveland, Ohio
869,PAYX,Paychex Inc.,Information Technology,Internet Software & Services,Penfield, New York
870,PYPL,PayPal,Information Technology,Data Processing & Outsourced Services,San Jose, California
871,PNR,Pentair plc,Industrials,Industrial Machinery,Worsley, UK
872,PBCT,People's United Financial,Financials,Thrifts & Mortgage Finance,Bridgeport, Connecticut
873,PEP,PepsiCo Inc.,Consumer Staples,Soft Drinks,Purchase, New York
874,PKI,PerkinElmer,Health Care,Health Care Equipment,Waltham, Massachusetts
875,PRGO,Perrigo,Health Care,Pharmaceuticals,Dublin, Ireland
876,PFE,Pfizer Inc.,Health Care,Pharmaceuticals,New York, New York
877,PCG,PG&E Corp.,Utilities,Multi-Utilities,San Francisco, California
878,PM,Philip Morris International,Consumer Staples,Tobacco,New York, New York
879,PSX,Phillips 66,Energy,Oil & Gas Refining & Marketing,Houston, Texas
880,PNW,Pinnacle West Capital,Utilities,Multi-Utilities,Phoenix, Arizona
881,PXD,Pioneer Natural Resources,Energy,Oil & Gas Exploration & Production,Irving, Texas
882,PNC,PNC Financial Services,Financials,Regional Banks,Pittsburgh, Pennsylvania
883,RL,Polo Ralph Lauren Corp.,Consumer Discretionary,"Apparel, Accessories & Luxury Goods",New York, New York
884,PPG,PPG Industries,Materials,Specialty Chemicals,Pittsburgh, Pennsylvania
885,PPL,PPL Corp.,Utilities,Electric Utilities,Allentown, Pennsylvania
886,PFG,Principal Financial Group,Financials,Life & Health Insurance,Des Moines, Iowa
887,PG,Procter & Gamble,Consumer Staples,Personal Products,Cincinnati, Ohio
888,PGR,Progressive Corp.,Financials,Property & Casualty Insurance,Mayfield Village, Ohio
889,PLD,Prologis,Real Estate,Industrial REITs,San Francisco, California
890,PRU,Prudential Financial,Financials,Life & Health Insurance,Newark, New Jersey
891,PEG,Public Serv. Enterprise Inc.,Utilities,Electric Utilities,Newark, New Jersey
892,PSA,Public Storage,Real Estate,Specialized REITs,Glendale, California
893,PHM,Pulte Homes Inc.,Consumer Discretionary,Homebuilding,Atlanta, Georgia
894,PVH,PVH Corp.,Consumer Discretionary,"Apparel, Accessories & Luxury Goods",New York, New York
895,QRVO,Qorvo,Information Technology,Semiconductors,Greensboro, North Carolina
896,PWR,Quanta Services Inc.,Industrials,Construction & Engineering,Houston, Texas
897,QCOM,QUALCOMM Inc.,Information Technology,Semiconductors,San Diego, California
898,DGX,Quest Diagnostics,Health Care,Health Care Services,Madison, New Jersey
899,RJF,Raymond James Financial Inc.,Financials,Investment Banking & Brokerage,St. Petersburg, Florida
900,RTN,Raytheon Co.,Industrials,Aerospace & Defense,Waltham, Massachusetts
901,O,Realty Income Corporation,Real Estate,Retail REITs,San Diego, California
902,RHT,Red Hat Inc.,Information Technology,Systems Software,Raleigh, North Carolina
903,REG,Regency Centers Corporation,Real Estate,Retail REITs,Jacksonville, Florida
904,REGN,Regeneron,Health Care,Biotechnology,Tarrytown, New York
905,RF,Regions Financial Corp.,Financials,Regional Banks,Birmingham, Alabama
906,RSG,Republic Services Inc,Industrials,Environmental & Facilities Services,Phoenix, Arizona
907,RMD,ResMed,Health Care,Health Care Equipment,San Diego, California
908,RHI,Robert Half International,Industrials,Human Resource & Employment Services,Menlo Park, California
909,ROK,Rockwell Automation Inc.,Industrials,Electrical Components & Equipment,Milwaukee, Wisconsin
910,ROL,Rollins Inc.,Industrials,Environmental & Facilities Services,Atlanta, Georgia
911,ROP,Roper Technologies,Industrials,Industrial Conglomerates,Sarasota, Florida
912,ROST,Ross Stores,Consumer Discretionary,Apparel Retail,Pleasanton, California
913,RCL,Royal Caribbean Cruises Ltd,Consumer Discretionary,"Hotels, Resorts & Cruise Lines",Miami, Florida
914,CRM,Salesforce.com,Information Technology,Internet Software & Services,San Francisco, California
915,SBAC,SBA Communications,Real Estate,Specialized REITs,Boca Raton, Florida
916,SCG,SCANA Corp,Utilities,Multi-Utilities,Cayce, South Carolina
917,SLB,Schlumberger Ltd.,Energy,Oil & Gas Equipment & Services,Curaçao, Kingdom of the Netherlands
918,STX,Seagate Technology,Information Technology,"Technology Hardware, Storage & Peripherals",Dublin, Ireland
919,SEE,Sealed Air,Materials,Paper Packaging,Elmwood Park, New Jersey
920,SRE,Sempra Energy,Utilities,Multi-Utilities,San Diego, California
921,SHW,Sherwin-Williams,Materials,Specialty Chemicals,Cleveland, Ohio
922,SPG,Simon Property Group Inc,Real Estate,Retail REITs,Indianapolis, Indiana
923,SWKS,Skyworks Solutions,Information Technology,Semiconductors,Woburn, Massachusetts
924,SLG,SL Green Realty,Real Estate,Office REITs,New York, New York
925,SNA,Snap-on,Industrials,Industrial Machinery,Kenosha, Wisconsin
926,SO,Southern Co.,Utilities,Electric Utilities,Atlanta, Georgia
927,LUV,Southwest Airlines,Industrials,Airlines,Dallas, Texas
928,SPGI,"S&P Global, Inc.",Financials,Financial Exchanges & Data,New York, New York
929,SWK,Stanley Black & Decker,Industrials,Industrial Machinery,New Britain, Connecticut
930,SBUX,Starbucks Corp.,Consumer Discretionary,Restaurants,Seattle, Washington
931,STT,State Street Corp.,Financials,Asset Management & Custody Banks,Boston, Massachusetts
932,SYK,Stryker Corp.,Health Care,Health Care Equipment,Kalamazoo, Michigan
933,STI,SunTrust Banks,Financials,Regional Banks,Atlanta, Georgia
934,SIVB,SVB Financial,Financials,Regional Banks,Santa Clara, California
935,SYMC,Symantec Corp.,Information Technology,Application Software,Mountain View, California
936,SYF,Synchrony Financial,Financials,Consumer Finance,Stamford, Connecticut
937,SNPS,Synopsys Inc.,Information Technology,Application Software,Mountain View, California
938,SYY,Sysco Corp.,Consumer Staples,Food Distributors,Houston, Texas
939,TROW,T. Rowe Price Group,Financials,Asset Management & Custody Banks,Baltimore, Maryland
940,TTWO,Take-Two Interactive,Communication Services,Interactive Home Entertainment,New York, New York
941,TPR,"Tapestry, Inc.",Consumer Discretionary,"Apparel, Accessories & Luxury Goods",New York, New York
942,TGT,Target Corp.,Consumer Discretionary,General Merchandise Stores,Minneapolis, Minnesota
943,TEL,TE Connectivity Ltd.,Information Technology,Electronic Manufacturing Services,Schaffhausen, Switzerland
944,FTI,TechnipFMC,Energy,Oil & Gas Equipment & Services,London, United Kingdom
945,TXN,Texas Instruments,Information Technology,Semiconductors,Dallas, Texas
946,TXT,Textron Inc.,Industrials,Aerospace & Defense,Providence, Rhode Island
947,TMO,Thermo Fisher Scientific,Health Care,Health Care Equipment,Waltham, Massachusetts
948,TIF,Tiffany & Co.,Consumer Discretionary,"Apparel, Accessories & Luxury Goods",New York, New York
949,TWTR,"Twitter, Inc.",Communication Services,Interactive Media & Services,San Francisco, California
950,TJX,TJX Companies Inc.,Consumer Discretionary,Apparel Retail,Framingham, Massachusetts
951,TMK,Torchmark Corp.,Financials,Life & Health Insurance,McKinney, Texas
952,TSS,Total System Services,Information Technology,Internet Software & Services,Columbus, Georgia
953,TSCO,Tractor Supply Company,Consumer Discretionary,Specialty Stores,Brentwood, Tennessee
954,TDG,TransDigm Group,Industrials,Aerospace & Defense,Cleveland, Ohio
955,TRV,The Travelers Companies Inc.,Financials,Property & Casualty Insurance,New York, New York
956,TRIP,TripAdvisor,Communication Services,Interactive Media & Services,Newton, Massachusetts
957,FOXA,Twenty-First Century Fox Class A,Communication Services,Movies & Entertainment,New York, New York
958,FOX,Twenty-First Century Fox Class B,Communication Services,Movies & Entertainment,New York, New York
959,TSN,Tyson Foods,Consumer Staples,Packaged Foods & Meats,Springdale, Arkansas
960,UDR,UDR Inc,Real Estate,Residential REITs,Highlands Ranch, Colorado
961,ULTA,Ulta Beauty,Consumer Discretionary,Specialty Stores,Bolingbrook, Illinois
962,USB,U.S. Bancorp,Financials,Diversified Banks,Minneapolis, Minnesota
963,UAA,Under Armour Class A,Consumer Discretionary,"Apparel, Accessories & Luxury Goods",Baltimore, Maryland
964,UA,Under Armour Class C,Consumer Discretionary,"Apparel, Accessories & Luxury Goods",Baltimore, Maryland
965,UNP,Union Pacific,Industrials,Railroads,Omaha, Nebraska
966,UAL,United Continental Holdings,Industrials,Airlines,Chicago, Illinois
967,UNH,United Health Group Inc.,Health Care,Managed Health Care,Minnetonka, Minnesota
968,UPS,United Parcel Service,Industrials,Air Freight & Logistics,Atlanta, Georgia
969,URI,"United Rentals, Inc.",Industrials,Trading Companies & Distributors,Stamford, Connecticut
970,UTX,United Technologies,Industrials,Aerospace & Defense,Hartford, Connecticut
971,UHS,"Universal Health Services, Inc.",Health Care,Health Care Facilities,King of Prussia, Pennsylvania
972,UNM,Unum Group,Financials,Life & Health Insurance,Chattanooga, Tennessee
973,VFC,V.F. Corp.,Consumer Discretionary,"Apparel, Accessories & Luxury Goods",Greensboro, North Carolina
974,VLO,Valero Energy,Energy,Oil & Gas Refining & Marketing,San Antonio, Texas
975,VAR,Varian Medical Systems,Health Care,Health Care Equipment,Palo Alto, California
976,VTR,Ventas Inc,Real Estate,Health Care REITs,Chicago, Illinois
977,VRSN,Verisign Inc.,Information Technology,Internet Services & Infrastructure,Dulles, Virginia
978,VRSK,Verisk Analytics,Industrials,Research & Consulting Services,Jersey City, New Jersey
979,VZ,Verizon Communications,"Communication Services
",Integrated Telecommunication Services,New York, New York
980,VRTX,Vertex Pharmaceuticals Inc,Health Care,Biotechnology,Cambridge, Massachusetts
981,VIAB,Viacom Inc.,Communication Services,Movies & Entertainment,New York, New York
982,V,Visa Inc.,Information Technology,Internet Software & Services,San Francisco, California
983,VNO,Vornado Realty Trust,Real Estate,Office REITs,New York, New York
984,VMC,Vulcan Materials,Materials,Construction Materials,Birmingham, Alabama
985,WMT,Walmart,Consumer Staples,Hypermarkets & Super Centers,Bentonville, Arkansas
986,WBA,Walgreens Boots Alliance,Consumer Staples,Drug Retail,Deerfield, Illinois
987,DIS,The Walt Disney Company,Communication Services,Movies & Entertainment,Burbank, California
988,WM,Waste Management Inc.,Industrials,Environmental & Facilities Services,Houston, Texas
989,WAT,Waters Corporation,Health Care,Health Care Distributors,Milford, Massachusetts
990,WEC,Wec Energy Group Inc,Utilities,Electric Utilities,Milwaukee, Wisconsin
991,WCG,WellCare,Health Care,Managed Health Care,Tampa, Florida
992,WFC,Wells Fargo,Financials,Diversified Banks,San Francisco, California
993,WELL,Welltower Inc.,Real Estate,Health Care REITs,Toledo, Ohio
994,WDC,Western Digital,Information Technology,"Technology Hardware, Storage & Peripherals",Irvine, California
995,WU,Western Union Co,Information Technology,Internet Software & Services,Englewood, Colorado
996,WRK,WestRock,Materials,Paper Packaging,Richmond, Virginia
997,WY,Weyerhaeuser,Real Estate,Specialized REITs,Federal Way, Washington
998,WHR,Whirlpool Corp.,Consumer Discretionary,Household Appliances,Benton Harbor, Michigan
999,WMB,Williams Cos.,Energy,Oil & Gas Storage & Transportation,Tulsa, Oklahoma
1000,WLTW,Willis Towers Watson,Financials,Insurance Brokers,London, United Kingdom
1001,WYNN,Wynn Resorts Ltd,Consumer Discretionary,Casinos & Gaming,Paradise, Nevada
1002,XEL,Xcel Energy Inc,Utilities,Multi-Utilities,Minneapolis, Minnesota
1003,XRX,Xerox,Information Technology,"Technology Hardware, Storage & Peripherals",Norwalk, Connecticut
1004,XLNX,Xilinx,Information Technology,Semiconductors,San Jose, California
1005,XYL,Xylem Inc.,Industrials,Industrial Machinery,White Plains, New York
1006,YUM,Yum! Brands Inc,Consumer Discretionary,Restaurants,Louisville, Kentucky
1007,ZBH,Zimmer Biomet Holdings,Health Care,Health Care Equipment,Warsaw, Indiana
1008,ZION,Zions Bancorp,Financials,Regional Banks,Salt Lake City, Utah
1009,ZTS,Zoetis,Health Care,Pharmaceuticals,Florham Park, New Jersey
